createdAt;name;avatar;id
2023-01-04T19:54:01.129Z;"Tracey Howe I";https://cloudflare-ipfs.com/ipfs/Qmd3W5DuhgHirLHGVixi6V76LhCkZUz6pnFt5AJBiyvHye/avatar/562.jpg;1
2023-01-04T10:55:37.404Z;"Ira Pfannerstill";https://cloudflare-ipfs.com/ipfs/Qmd3W5DuhgHirLHGVixi6V76LhCkZUz6pnFt5AJBiyvHye/avatar/238.jpg;2
2023-01-04T23:31:39.905Z;"Domingo Prosacco";https://cloudflare-ipfs.com/ipfs/Qmd3W5DuhgHirLHGVixi6V76LhCkZUz6pnFt5AJBiyvHye/avatar/97.jpg;3
2023-01-04T18:43:35.731Z;"Mrs. Robyn Daniel";https://cloudflare-ipfs.com/ipfs/Qmd3W5DuhgHirLHGVixi6V76LhCkZUz6pnFt5AJBiyvHye/avatar/101.jpg;4
2023-01-04T17:59:13.143Z;"Ms. Kayla Sporer";https://cloudflare-ipfs.com/ipfs/Qmd3W5DuhgHirLHGVixi6V76LhCkZUz6pnFt5AJBiyvHye/avatar/978.jpg;5
2023-01-04T17:39:31.208Z;"Robyn Lindgren";https://cloudflare-ipfs.com/ipfs/Qmd3W5DuhgHirLHGVixi6V76LhCkZUz6pnFt5AJBiyvHye/avatar/561.jpg;6
2023-01-05T03:16:52.156Z;"Peggy Block";https://cloudflare-ipfs.com/ipfs/Qmd3W5DuhgHirLHGVixi6V76LhCkZUz6pnFt5AJBiyvHye/avatar/1016.jpg;7
2023-01-04T14:05:05.531Z;"Priscilla Koelpin";https://cloudflare-ipfs.com/ipfs/Qmd3W5DuhgHirLHGVixi6V76LhCkZUz6pnFt5AJBiyvHye/avatar/453.jpg;8
2023-01-05T00:47:31.953Z;"Lori Tromp Jr.";https://cloudflare-ipfs.com/ipfs/Qmd3W5DuhgHirLHGVixi6V76LhCkZUz6pnFt5AJBiyvHye/avatar/451.jpg;9
2023-01-05T02:02:58.602Z;"Justin Hodkiewicz";https://cloudflare-ipfs.com/ipfs/Qmd3W5DuhgHirLHGVixi6V76LhCkZUz6pnFt5AJBiyvHye/avatar/400.jpg;10
2023-01-04T21:58:14.338Z;"Ms. Myron Lind";https://cloudflare-ipfs.com/ipfs/Qmd3W5DuhgHirLHGVixi6V76LhCkZUz6pnFt5AJBiyvHye/avatar/408.jpg;11
2023-01-04T09:29:50.437Z;"Betsy Stoltenberg";https://cloudflare-ipfs.com/ipfs/Qmd3W5DuhgHirLHGVixi6V76LhCkZUz6pnFt5AJBiyvHye/avatar/612.jpg;12
2023-01-05T02:05:55.100Z;"Ashley Beier";https://cloudflare-ipfs.com/ipfs/Qmd3W5DuhgHirLHGVixi6V76LhCkZUz6pnFt5AJBiyvHye/avatar/92.jpg;13
2023-01-05T01:29:36.755Z;"Dwayne Lindgren PhD";https://cloudflare-ipfs.com/ipfs/Qmd3W5DuhgHirLHGVixi6V76LhCkZUz6pnFt5AJBiyvHye/avatar/289.jpg;14
2023-01-04T09:10:09.294Z;"Willie Wisozk";https://cloudflare-ipfs.com/ipfs/Qmd3W5DuhgHirLHGVixi6V76LhCkZUz6pnFt5AJBiyvHye/avatar/310.jpg;15
2023-01-05T05:59:20.351Z;"Marta Tillman";https://cloudflare-ipfs.com/ipfs/Qmd3W5DuhgHirLHGVixi6V76LhCkZUz6pnFt5AJBiyvHye/avatar/231.jpg;16
2023-01-05T05:53:39.925Z;"Rochelle O'Connell";https://cloudflare-ipfs.com/ipfs/Qmd3W5DuhgHirLHGVixi6V76LhCkZUz6pnFt5AJBiyvHye/avatar/1142.jpg;17
2023-01-04T17:45:02.362Z;"Miss Jody Stark";https://cloudflare-ipfs.com/ipfs/Qmd3W5DuhgHirLHGVixi6V76LhCkZUz6pnFt5AJBiyvHye/avatar/625.jpg;18
2023-01-04T18:31:33.237Z;"Angelina Bruen";https://cloudflare-ipfs.com/ipfs/Qmd3W5DuhgHirLHGVixi6V76LhCkZUz6pnFt5AJBiyvHye/avatar/565.jpg;19
